,item_count,bin_capacity,weight_range,instance,bin_count,execution_time
N1C1W1_A.txt,1,1,1,0,31,0.05570000001853259
N1C1W1_B.txt,1,1,1,1,36,0.05070000003115638
N1C1W1_C.txt,1,1,1,2,26,0.07950000002665547
N1C1W1_D.txt,1,1,1,3,33,0.048800000001847366
N1C1W1_E.txt,1,1,1,4,31,0.05070000003115638
N1C1W1_F.txt,1,1,1,5,32,0.05879999997659979
N1C1W1_G.txt,1,1,1,6,32,0.06059999998342391
N1C1W1_H.txt,1,1,1,7,35,0.049600000011196244
N1C1W1_I.txt,1,1,1,8,31,0.055399999951077916
N1C1W1_J.txt,1,1,1,9,32,0.054500000032930984
N1C1W1_K.txt,1,1,1,10,31,0.05640000000539658
N1C1W1_L.txt,1,1,1,11,39,0.05920000000969594
N1C1W1_M.txt,1,1,1,12,35,0.0569000000041342
N1C1W1_N.txt,1,1,1,13,30,0.053800000046067
N1C1W1_O.txt,1,1,1,14,39,0.05649999997103805
N1C1W1_P.txt,1,1,1,15,32,0.06369999999833453
N1C1W1_Q.txt,1,1,1,16,35,0.06889999997383711
N1C1W1_R.txt,1,1,1,17,32,0.050100000009933865
N1C1W1_S.txt,1,1,1,18,35,0.05189999995991457
N1C1W1_T.txt,1,1,1,19,35,0.0516999999717882
N1C1W2_A.txt,1,1,2,0,36,0.054099999999834836
N1C1W2_B.txt,1,1,2,1,36,0.05260000000362197
N1C1W2_C.txt,1,1,2,2,39,0.05379999998922358
N1C1W2_D.txt,1,1,2,3,38,0.053600000001097214
N1C1W2_E.txt,1,1,2,4,40,0.05440000001044609
N1C1W2_F.txt,1,1,2,5,35,0.05210000000488435
N1C1W2_G.txt,1,1,2,6,38,0.058500000022831955
N1C1W2_H.txt,1,1,2,7,39,0.053999999977349944
N1C1W2_I.txt,1,1,2,8,41,0.05369999996673869
N1C1W2_J.txt,1,1,2,9,40,0.058000000024094334
N1C1W2_K.txt,1,1,2,10,40,0.0542999999879612
N1C1W2_L.txt,1,1,2,11,38,0.051799999994273094
N1C1W2_M.txt,1,1,2,12,37,0.053999999977349944
N1C1W2_N.txt,1,1,2,13,39,0.05219999997052582
N1C1W2_O.txt,1,1,2,14,37,0.05459999999857246
N1C1W2_P.txt,1,1,2,15,40,0.0555999999960477
N1C1W2_Q.txt,1,1,2,16,42,0.10670000000345681
N1C1W2_R.txt,1,1,2,17,40,0.05329999999048596
N1C1W2_S.txt,1,1,2,18,42,0.053199999968001066
N1C1W2_T.txt,1,1,2,19,42,0.05329999999048596
N1C1W4_A.txt,1,1,4,0,41,0.05419999996547631
N1C1W4_B.txt,1,1,4,1,43,0.06450000000768341
N1C1W4_C.txt,1,1,4,2,42,0.05529999998543644
N1C1W4_D.txt,1,1,4,3,44,0.05390000001170847
N1C1W4_E.txt,1,1,4,4,44,0.0582000000122207
N1C1W4_F.txt,1,1,4,5,39,0.05609999999478532
N1C1W4_G.txt,1,1,4,6,43,0.06409999997458726
N1C1W4_H.txt,1,1,4,7,46,0.06369999999833453
N1C1W4_I.txt,1,1,4,8,42,0.054900000009183714
N1C1W4_J.txt,1,1,4,9,43,0.057599999990998185
N1C1W4_K.txt,1,1,4,10,47,0.0612999999702879
N1C1W4_L.txt,1,1,4,11,42,0.06000000001904482
N1C1W4_M.txt,1,1,4,12,45,0.05919999995285252
N1C1W4_N.txt,1,1,4,13,43,0.05649999997103805
N1C1W4_O.txt,1,1,4,14,42,0.07529999999178472
N1C1W4_P.txt,1,1,4,15,43,0.06630000001450753
N1C1W4_Q.txt,1,1,4,16,41,0.06560000002764355
N1C1W4_R.txt,1,1,4,17,43,0.054500000032930984
N1C1W4_S.txt,1,1,4,18,41,0.06589999998141138
N1C1W4_T.txt,1,1,4,19,45,0.05549999997356281
N1C2W1_A.txt,1,2,1,0,28,0.051900000016757986
N1C2W1_B.txt,1,2,1,1,31,0.051400000018020364
N1C2W1_C.txt,1,2,1,2,30,0.05200000003924288
N1C2W1_D.txt,1,2,1,3,28,0.05160000000614673
N1C2W1_E.txt,1,2,1,4,23,0.05070000003115638
N1C2W1_F.txt,1,2,1,5,28,0.051000000041767635
N1C2W1_G.txt,1,2,1,6,26,0.09269999998195999
N1C2W1_H.txt,1,2,1,7,30,0.05219999997052582
N1C2W1_I.txt,1,2,1,8,35,0.05419999996547631
N1C2W1_J.txt,1,2,1,9,34,0.05210000000488435
N1C2W1_K.txt,1,2,1,10,32,0.05400000003419336
N1C2W1_L.txt,1,2,1,11,32,0.07700000003296736
N1C2W1_M.txt,1,2,1,12,33,0.05329999999048596
N1C2W1_N.txt,1,2,1,13,29,0.06029999997281266
N1C2W1_O.txt,1,2,1,14,19,0.05029999999806023
N1C2W1_P.txt,1,2,1,15,28,0.05090000001928274
N1C2W1_Q.txt,1,2,1,16,29,0.056700000016007834
N1C2W1_R.txt,1,2,1,17,29,0.05549999997356281
N1C2W1_S.txt,1,2,1,18,29,0.05549999997356281
N1C2W1_T.txt,1,2,1,19,31,0.054900000009183714
N1C2W2_A.txt,1,2,2,0,32,0.05570000001853259
N1C2W2_B.txt,1,2,2,1,36,0.0555999999960477
N1C2W2_C.txt,1,2,2,2,37,0.08339999999407155
N1C2W2_D.txt,1,2,2,3,32,0.05520000001979497
N1C2W2_E.txt,1,2,2,4,38,0.056700000016007834
N1C2W2_F.txt,1,2,2,5,33,0.05379999998922358
N1C2W2_G.txt,1,2,2,6,36,0.08320000000594518
N1C2W2_H.txt,1,2,2,7,31,0.05469999996421393
N1C2W2_I.txt,1,2,2,8,35,0.08330000002843008
N1C2W2_J.txt,1,2,2,9,32,0.054099999999834836
N1C2W2_K.txt,1,2,2,10,38,0.057200000014745456
N1C2W2_L.txt,1,2,2,11,37,0.05470000002105735
N1C2W2_M.txt,1,2,2,12,36,0.08919999999079664
N1C2W2_N.txt,1,2,2,13,35,0.05610000005162874
N1C2W2_O.txt,1,2,2,14,37,0.08400000001529406
N1C2W2_P.txt,1,2,2,15,31,0.05390000001170847
N1C2W2_Q.txt,1,2,2,16,37,0.05589999994981554
N1C2W2_R.txt,1,2,2,17,34,0.05349999997861232
N1C2W2_S.txt,1,2,2,18,32,0.08280000002969246
N1C2W2_T.txt,1,2,2,19,35,0.05499999997482519
N1C2W4_A.txt,1,2,4,0,35,0.056700000016007834
N1C2W4_B.txt,1,2,4,1,38,0.055399999951077916
N1C2W4_C.txt,1,2,4,2,37,0.05790000000160944
N1C2W4_D.txt,1,2,4,3,35,0.054099999999834836
N1C2W4_E.txt,1,2,4,4,37,0.056800000038492726
N1C2W4_F.txt,1,2,4,5,39,0.056299999982911686
N1C2W4_G.txt,1,2,4,6,37,0.05740000000287182
N1C2W4_H.txt,1,2,4,7,38,0.07879999998294807
N1C2W4_I.txt,1,2,4,8,40,0.058000000024094334
N1C2W4_J.txt,1,2,4,9,39,0.12409999999363208
N1C2W4_K.txt,1,2,4,10,39,0.13899999999011925
N1C2W4_L.txt,1,2,4,11,38,0.13150000000905493
N1C2W4_M.txt,1,2,4,12,38,0.1278999999954067
N1C2W4_N.txt,1,2,4,13,38,0.1264999999648353
N1C2W4_O.txt,1,2,4,14,38,0.1234000000067681
N1C2W4_P.txt,1,2,4,15,35,0.12599999996609768
N1C2W4_Q.txt,1,2,4,16,40,0.1323000000184038
N1C2W4_R.txt,1,2,4,17,42,0.13200000000779255
N1C2W4_S.txt,1,2,4,18,44,0.13089999998783242
N1C2W4_T.txt,1,2,4,19,36,0.11839999996254846
N1C3W1_A.txt,1,3,1,0,23,0.10730000002467932
N1C3W1_B.txt,1,3,1,1,22,0.1215000000343025
N1C3W1_C.txt,1,3,1,2,24,0.12739999999666907
N1C3W1_D.txt,1,3,1,3,27,0.12639999999919382
N1C3W1_E.txt,1,3,1,4,22,0.12700000002041634
N1C3W1_F.txt,1,3,1,5,29,0.126100000045426
N1C3W1_G.txt,1,3,1,6,20,0.1215000000343025
N1C3W1_H.txt,1,3,1,7,27,0.12880000002724046
N1C3W1_I.txt,1,3,1,8,22,0.1193999999600237
N1C3W1_J.txt,1,3,1,9,22,0.12080000004743852
N1C3W1_K.txt,1,3,1,10,23,0.11960000000499349
N1C3W1_L.txt,1,3,1,11,24,0.09949999997616032
N1C3W1_M.txt,1,3,1,12,24,0.11779999999816937
N1C3W1_N.txt,1,3,1,13,29,0.11649999999008287
N1C3W1_O.txt,1,3,1,14,23,0.1234000000067681
N1C3W1_P.txt,1,3,1,15,26,0.1247000000148546
N1C3W1_Q.txt,1,3,1,16,29,0.11910000000625587
N1C3W1_R.txt,1,3,1,17,28,0.11979999999311985
N1C3W1_S.txt,1,3,1,18,21,0.11980000004996327
N1C3W1_T.txt,1,3,1,19,25,0.12210000005552502
N1C3W2_A.txt,1,3,2,0,26,0.12679999997544655
N1C3W2_B.txt,1,3,2,1,28,0.12409999999363208
N1C3W2_C.txt,1,3,2,2,32,0.12759999998479543
N1C3W2_D.txt,1,3,2,3,28,0.12440000000424334
N1C3W2_E.txt,1,3,2,4,29,0.12910000003785171
N1C3W2_F.txt,1,3,2,5,30,0.12859999998227067
N1C3W2_G.txt,1,3,2,6,32,0.12870000000475557
N1C3W2_H.txt,1,3,2,7,31,0.11690000002317902
N1C3W2_I.txt,1,3,2,8,25,0.13199999995094913
N1C3W2_J.txt,1,3,2,9,30,0.12859999998227067
N1C3W2_K.txt,1,3,2,10,29,0.11749999998755811
N1C3W2_L.txt,1,3,2,11,28,0.1323000000184038
N1C3W2_M.txt,1,3,2,12,30,0.12959999997974592
N1C3W2_N.txt,1,3,2,13,30,0.12040000001434237
N1C3W2_O.txt,1,3,2,14,28,0.1245999999923697
N1C3W2_P.txt,1,3,2,15,24,0.11660000001256776
N1C3W2_Q.txt,1,3,2,16,26,0.12739999999666907
N1C3W2_R.txt,1,3,2,17,26,0.12479999998049607
N1C3W2_S.txt,1,3,2,18,30,0.15569999999343054
N1C3W2_T.txt,1,3,2,19,31,0.12989999999035717
N1C3W4_A.txt,1,3,4,0,30,0.1292000000034932
N1C3W4_B.txt,1,3,4,1,30,0.12870000000475557
N1C3W4_C.txt,1,3,4,2,35,0.13030000002345332
N1C3W4_D.txt,1,3,4,3,30,0.12550000002420347
N1C3W4_E.txt,1,3,4,4,31,0.1245999999923697
N1C3W4_F.txt,1,3,4,5,30,0.13030000002345332
N1C3W4_G.txt,1,3,4,6,33,0.12319999996179831
N1C3W4_H.txt,1,3,4,7,32,0.14530000004242538
N1C3W4_I.txt,1,3,4,8,31,0.12599999996609768
N1C3W4_J.txt,1,3,4,9,31,0.14090000001942826
N1C3W4_K.txt,1,3,4,10,32,0.13009999997848354
N1C3W4_L.txt,1,3,4,11,28,0.12609999998858257
N1C3W4_M.txt,1,3,4,12,27,0.12409999999363208
N1C3W4_N.txt,1,3,4,13,29,0.12520000001359222
N1C3W4_O.txt,1,3,4,14,30,0.12739999999666907
N1C3W4_P.txt,1,3,4,15,34,0.13180000001966619
N1C3W4_Q.txt,1,3,4,16,35,0.1336000000264903
N1C3W4_R.txt,1,3,4,17,30,0.12440000000424334
N1C3W4_S.txt,1,3,4,18,30,0.12249999997493433
N1C3W4_T.txt,1,3,4,19,35,0.05699999996977567
N2C1W1_A.txt,2,1,1,0,61,0.10969999999588254
N2C1W1_B.txt,2,1,1,1,61,0.10880000002089218
N2C1W1_C.txt,2,1,1,2,59,0.19290000000182772
N2C1W1_D.txt,2,1,1,3,62,0.10699999995722465
N2C1W1_E.txt,2,1,1,4,69,0.1504000000522865
N2C1W1_F.txt,2,1,1,5,63,0.18049999999902866
N2C1W1_G.txt,2,1,1,6,72,0.23500000003195964
N2C1W1_H.txt,2,1,1,7,66,0.23629999998320272
N2C1W1_I.txt,2,1,1,8,74,0.10880000002089218
N2C1W1_J.txt,2,1,1,9,72,0.2527000000327462
N2C1W1_K.txt,2,1,1,10,69,0.2152999999793792
N2C1W1_L.txt,2,1,1,11,68,0.10679999996909828
N2C1W1_M.txt,2,1,1,12,60,0.22000000001298758
N2C1W1_N.txt,2,1,1,13,63,0.23310000000265063
N2C1W1_O.txt,2,1,1,14,61,0.13119999999844367
N2C1W1_P.txt,2,1,1,15,66,0.22129999996423066
N2C1W1_Q.txt,2,1,1,16,61,0.1151000000163549
N2C1W1_R.txt,2,1,1,17,70,0.10620000000471919
N2C1W1_S.txt,2,1,1,18,58,0.14799999996739643
N2C1W1_T.txt,2,1,1,19,67,0.12370000001737935
N2C1W2_A.txt,2,1,2,0,77,0.20680000000083965
N2C1W2_B.txt,2,1,2,1,74,0.2321000000051754
N2C1W2_C.txt,2,1,2,2,80,0.16859999999496722
N2C1W2_D.txt,2,1,2,3,86,0.25210000001152366
N2C1W2_E.txt,2,1,2,4,79,0.21850000001677472
N2C1W2_F.txt,2,1,2,5,77,0.24469999999610081
N2C1W2_G.txt,2,1,2,6,82,0.16909999999370484
N2C1W2_H.txt,2,1,2,7,83,0.17579999996542028
N2C1W2_I.txt,2,1,2,8,81,0.11139999998022176
N2C1W2_J.txt,2,1,2,9,80,0.11080000001584267
N2C1W2_K.txt,2,1,2,10,84,0.19529999997303094
N2C1W2_L.txt,2,1,2,11,77,0.22629999995160688
N2C1W2_M.txt,2,1,2,12,79,0.23410000000012587
N2C1W2_N.txt,2,1,2,13,77,0.22889999996777988
N2C1W2_O.txt,2,1,2,14,76,0.11089999998148414
N2C1W2_P.txt,2,1,2,15,80,0.2286999999796535
N2C1W2_Q.txt,2,1,2,16,79,0.26179999997566483
N2C1W2_R.txt,2,1,2,17,80,0.26300000001810986
N2C1W2_S.txt,2,1,2,18,81,0.2703000000110478
N2C1W2_T.txt,2,1,2,19,80,0.2552000000264343
N2C1W4_A.txt,2,1,4,0,85,0.2594000000044616
N2C1W4_B.txt,2,1,4,1,83,0.2692000000479311
N2C1W4_C.txt,2,1,4,2,87,0.259599999992588
N2C1W4_D.txt,2,1,4,3,91,0.2718000000072607
N2C1W4_E.txt,2,1,4,4,83,0.1163000000019565
N2C1W4_F.txt,2,1,4,5,88,0.26819999999361244
N2C1W4_G.txt,2,1,4,6,85,0.11189999997895939
N2C1W4_H.txt,2,1,4,7,86,0.11289999997643463
N2C1W4_I.txt,2,1,4,8,84,0.11419999998452113
N2C1W4_J.txt,2,1,4,9,87,0.11069999999335778
N2C1W4_K.txt,2,1,4,10,84,0.11399999999639476
N2C1W4_L.txt,2,1,4,11,85,0.11319999998704589
N2C1W4_M.txt,2,1,4,12,85,0.11210000002392917
N2C1W4_N.txt,2,1,4,13,85,0.11480000000574364
N2C1W4_O.txt,2,1,4,14,91,0.10770000000093205
N2C1W4_P.txt,2,1,4,15,81,0.10459999998602143
N2C1W4_Q.txt,2,1,4,16,86,0.1049000000534761
N2C1W4_R.txt,2,1,4,17,82,0.10500000001911758
N2C1W4_S.txt,2,1,4,18,89,0.10790000004590183
N2C1W4_T.txt,2,1,4,19,84,0.10610000003907771
N2C2W1_A.txt,2,2,1,0,55,0.09900000003426612
N2C2W1_B.txt,2,2,1,1,63,0.11699999998882049
N2C2W1_C.txt,2,2,1,2,55,0.09969999996428669
N2C2W1_D.txt,2,2,1,3,56,0.10009999999738284
N2C2W1_E.txt,2,2,1,4,54,0.09959999999864522
N2C2W1_F.txt,2,2,1,5,64,0.14430000004495014
N2C2W1_G.txt,2,2,1,6,57,0.10879999996404877
N2C2W1_H.txt,2,2,1,7,59,0.11729999999943175
N2C2W1_I.txt,2,2,1,8,60,0.10770000000093205
N2C2W1_J.txt,2,2,1,9,58,0.11269999998830826
N2C2W1_K.txt,2,2,1,10,55,0.0990999999999076
N2C2W1_L.txt,2,2,1,11,62,0.10069999996176193
N2C2W1_M.txt,2,2,1,12,60,0.10319999995545004
N2C2W1_N.txt,2,2,1,13,58,0.10099999997237319
N2C2W1_O.txt,2,2,1,14,64,0.1080000000115433
N2C2W1_P.txt,2,2,1,15,60,0.10380000003351597
N2C2W1_Q.txt,2,2,1,16,65,0.10090000000673172
N2C2W1_R.txt,2,2,1,17,56,0.09840000001304361
N2C2W1_S.txt,2,2,1,18,60,0.099800000043615
N2C2W1_T.txt,2,2,1,19,51,0.09920000002239249
N2C2W2_A.txt,2,2,2,0,66,0.1002999999855092
N2C2W2_B.txt,2,2,2,1,72,0.10139999994862592
N2C2W2_C.txt,2,2,2,2,70,0.1292000000034932
N2C2W2_D.txt,2,2,2,3,67,0.10070000001860535
N2C2W2_E.txt,2,2,2,4,68,0.1513999999929183
N2C2W2_F.txt,2,2,2,5,63,0.10209999999233332
N2C2W2_G.txt,2,2,2,6,70,0.12070000002495362
N2C2W2_H.txt,2,2,2,7,70,0.10020000001986773
N2C2W2_I.txt,2,2,2,8,67,0.10720000000219443
N2C2W2_J.txt,2,2,2,9,73,0.10199999996984843
N2C2W2_K.txt,2,2,2,10,66,0.1021999999579748
N2C2W2_L.txt,2,2,2,11,68,0.1189000000181295
N2C2W2_M.txt,2,2,2,12,67,0.11189999997895939
N2C2W2_N.txt,2,2,2,13,68,0.11400000005323818
N2C2W2_O.txt,2,2,2,14,66,0.10939999998527128
N2C2W2_P.txt,2,2,2,15,67,0.10890000004337708
N2C2W2_Q.txt,2,2,2,16,69,0.10470000000850632
N2C2W2_R.txt,2,2,2,17,68,0.10379999997667255
N2C2W2_S.txt,2,2,2,18,75,0.10630000002720408
N2C2W2_T.txt,2,2,2,19,71,0.1042000000097687
N2C2W4_A.txt,2,2,4,0,74,0.10620000000471919
N2C2W4_B.txt,2,2,4,1,76,0.1029000000016822
N2C2W4_C.txt,2,2,4,2,81,0.1299000000472006
N2C2W4_D.txt,2,2,4,3,76,0.10229999998045969
N2C2W4_E.txt,2,2,4,4,77,0.10709999997970954
N2C2W4_F.txt,2,2,4,5,75,0.1042000000097687
N2C2W4_G.txt,2,2,4,6,78,0.10489999999663269
N2C2W4_H.txt,2,2,4,7,77,0.1311000000328022
N2C2W4_I.txt,2,2,4,8,75,0.13069999999970605
N2C2W4_J.txt,2,2,4,9,77,0.10140000000546934
N2C2W4_K.txt,2,2,4,10,77,0.10480000003099121
N2C2W4_L.txt,2,2,4,11,76,0.10329999997793493
N2C2W4_M.txt,2,2,4,12,76,0.10779999996657352
N2C2W4_N.txt,2,2,4,13,78,0.10560000004034009
N2C2W4_O.txt,2,2,4,14,78,0.10459999998602143
N2C2W4_P.txt,2,2,4,15,76,0.10549999996101178
N2C2W4_Q.txt,2,2,4,16,78,0.10710000003655296
N2C2W4_R.txt,2,2,4,17,73,0.1042000000097687
N2C2W4_S.txt,2,2,4,18,74,0.10630000002720408
N2C2W4_T.txt,2,2,4,19,73,0.10639999999284555
N2C3W1_A.txt,2,3,1,0,51,0.09860000000116997
N2C3W1_B.txt,2,3,1,1,50,0.10130000003982786
N2C3W1_C.txt,2,3,1,2,48,0.1278999999954067
N2C3W1_D.txt,2,3,1,3,53,0.11769999997568448
N2C3W1_E.txt,2,3,1,4,48,0.12240000000929285
N2C3W1_F.txt,2,3,1,5,48,0.1017000000160806
N2C3W1_G.txt,2,3,1,6,45,0.09729999999308347
N2C3W1_H.txt,2,3,1,7,51,0.1138000000082684
N2C3W1_I.txt,2,3,1,8,47,0.09920000002239249
N2C3W1_J.txt,2,3,1,9,48,0.10050000003047899
N2C3W1_K.txt,2,3,1,10,52,0.10409999998728381
N2C3W1_L.txt,2,3,1,11,49,0.09940000001051885
N2C3W1_M.txt,2,3,1,12,41,0.13139999998657004
N2C3W1_N.txt,2,3,1,13,46,0.10059999999612046
N2C3W1_O.txt,2,3,1,14,48,0.09640000001809312
N2C3W1_P.txt,2,3,1,15,48,0.12279999998554558
N2C3W1_Q.txt,2,3,1,16,46,0.1247000000148546
N2C3W1_R.txt,2,3,1,17,47,0.09810000000243235
N2C3W1_S.txt,2,3,1,18,48,0.09549999998625935
N2C3W1_T.txt,2,3,1,19,49,0.10320000001229346
N2C3W2_A.txt,2,3,2,0,57,0.10100000002921661
N2C3W2_B.txt,2,3,2,1,61,0.10100000002921661
N2C3W2_C.txt,2,3,2,2,57,0.1004000000079941
N2C3W2_D.txt,2,3,2,3,55,0.10109999999485808
N2C3W2_E.txt,2,3,2,4,53,0.09959999999864522
N2C3W2_F.txt,2,3,2,5,50,0.1017000000160806
N2C3W2_G.txt,2,3,2,6,57,0.10179999998172207
N2C3W2_H.txt,2,3,2,7,51,0.09870000002365487
N2C3W2_I.txt,2,3,2,8,63,0.1046999999516629
N2C3W2_J.txt,2,3,2,9,63,0.10220000001481822
N2C3W2_K.txt,2,3,2,10,59,0.10180000003856549
N2C3W2_L.txt,2,3,2,11,58,0.11999999998124622
N2C3W2_M.txt,2,3,2,12,62,0.10330000003477835
N2C3W2_N.txt,2,3,2,13,60,0.10119999996049955
N2C3W2_O.txt,2,3,2,14,64,0.10439999999789507
N2C3W2_P.txt,2,3,2,15,56,0.10140000000546934
N2C3W2_Q.txt,2,3,2,16,55,0.10100000002921661
N2C3W2_R.txt,2,3,2,17,57,0.10080000004109024
N2C3W2_S.txt,2,3,2,18,63,0.0989999999774227
N2C3W2_T.txt,2,3,2,19,61,0.11690000002317902
N2C3W4_A.txt,2,3,4,0,61,0.10220000001481822
N2C3W4_B.txt,2,3,4,1,64,0.10180000003856549
N2C3W4_C.txt,2,3,4,2,58,0.09969999996428669
N2C3W4_D.txt,2,3,4,3,60,0.10780000002341694
N2C3W4_E.txt,2,3,4,4,68,0.11150000000270666
N2C3W4_F.txt,2,3,4,5,63,0.1098999999840089
N2C3W4_G.txt,2,3,4,6,61,0.11019999999462016
N2C3W4_H.txt,2,3,4,7,58,0.10730000002467932
N2C3W4_I.txt,2,3,4,8,63,0.11169999999083302
N2C3W4_J.txt,2,3,4,9,57,0.11069999999335778
N2C3W4_K.txt,2,3,4,10,67,0.11100000000396903
N2C3W4_L.txt,2,3,4,11,63,0.11110000002645393
N2C3W4_M.txt,2,3,4,12,63,0.11079999995899925
N2C3W4_N.txt,2,3,4,13,66,0.1085999999759224
N2C3W4_O.txt,2,3,4,14,62,0.11499999999387
N2C3W4_P.txt,2,3,4,15,64,0.11000000000649379
N2C3W4_Q.txt,2,3,4,16,66,0.1029000000016822
N2C3W4_R.txt,2,3,4,17,59,0.10180000003856549
N2C3W4_S.txt,2,3,4,18,57,0.09979999998677158
N2C3W4_T.txt,2,3,4,19,62,0.10270000001355584
N3C1W1_A.txt,3,1,1,0,133,0.19829999996545666
N3C1W1_B.txt,3,1,1,1,140,0.19859999997606792
N3C1W1_C.txt,3,1,1,2,126,0.19730000002482484
N3C1W1_D.txt,3,1,1,3,136,0.19659999998111743
N3C1W1_E.txt,3,1,1,4,124,0.19570000000612708
N3C1W1_F.txt,3,1,1,5,135,0.19400000002178786
N3C1W1_G.txt,3,1,1,6,138,0.20090000003847308
N3C1W1_H.txt,3,1,1,7,129,0.49869999998009007
N3C1W1_I.txt,3,1,1,8,128,0.5163000000152351
N3C1W1_J.txt,3,1,1,9,138,0.44139999999970314
N3C1W1_K.txt,3,1,1,10,128,0.2088999999614316
N3C1W1_L.txt,3,1,1,11,126,0.5208999999695152
N3C1W1_M.txt,3,1,1,12,134,0.209600000005139
N3C1W1_N.txt,3,1,1,13,118,0.2824000000032356
N3C1W1_O.txt,3,1,1,14,127,0.20680000000083965
N3C1W1_P.txt,3,1,1,15,136,0.212200000021312
N3C1W1_Q.txt,3,1,1,16,121,0.21250000003192326
N3C1W1_R.txt,3,1,1,17,128,0.21259999999756474
N3C1W1_S.txt,3,1,1,18,126,0.21119999996699335
N3C1W1_T.txt,3,1,1,19,128,0.23559999999633874
N3C1W2_A.txt,3,1,2,0,155,0.22230000001854933
N3C1W2_B.txt,3,1,2,1,155,0.22579999995286926
N3C1W2_C.txt,3,1,2,2,156,0.22569999998722778
N3C1W2_D.txt,3,1,2,3,164,0.22589999997535415
N3C1W2_E.txt,3,1,2,4,160,0.22029999996675542
N3C1W2_F.txt,3,1,2,5,153,0.22009999997862906
N3C1W2_G.txt,3,1,2,6,159,0.2264000000309352
N3C1W2_H.txt,3,1,2,7,156,0.22150000000920045
N3C1W2_I.txt,3,1,2,8,157,0.22140000004355898
N3C1W2_J.txt,3,1,2,9,154,0.4078000000049542
N3C1W2_K.txt,3,1,2,10,148,0.2647000000024491
N3C1W2_L.txt,3,1,2,11,162,0.23960000004308313
N3C1W2_M.txt,3,1,2,12,162,0.23220000002766028
N3C1W2_N.txt,3,1,2,13,165,0.22309999997105479
N3C1W2_O.txt,3,1,2,14,156,0.22389999998040366
N3C1W2_P.txt,3,1,2,15,151,0.2193000000261236
N3C1W2_Q.txt,3,1,2,16,161,0.22139999998671556
N3C1W2_R.txt,3,1,2,17,150,0.262200000008761
N3C1W2_S.txt,3,1,2,18,160,0.5340000000160217
N3C1W2_T.txt,3,1,2,19,164,0.2192000000036387
N3C1W4_A.txt,3,1,4,0,174,0.5090000000222972
N3C1W4_B.txt,3,1,4,1,174,0.2205000000117252
N3C1W4_C.txt,3,1,4,2,169,0.22130000002107408
N3C1W4_D.txt,3,1,4,3,171,0.21739999999681459
N3C1W4_E.txt,3,1,4,4,166,0.21949999995740654
N3C1W4_F.txt,3,1,4,5,166,0.21839999999428983
N3C1W4_G.txt,3,1,4,6,173,0.2556999999683285
N3C1W4_H.txt,3,1,4,7,167,0.21739999999681459
N3C1W4_I.txt,3,1,4,8,164,0.22339999998166604
N3C1W4_J.txt,3,1,4,9,170,0.21980000002486122
N3C1W4_K.txt,3,1,4,10,172,0.22979999999961365
N3C1W4_L.txt,3,1,4,11,172,0.22079999996549304
N3C1W4_M.txt,3,1,4,12,173,0.22189999998545318
N3C1W4_N.txt,3,1,4,13,172,0.2242999999566564
N3C1W4_O.txt,3,1,4,14,168,0.26299999996126644
N3C1W4_P.txt,3,1,4,15,169,0.2230000000054133
N3C1W4_Q.txt,3,1,4,16,172,0.2290000000471082
N3C1W4_R.txt,3,1,4,17,172,0.2255999999647429
N3C1W4_S.txt,3,1,4,18,170,0.22469999998975254
N3C1W4_T.txt,3,1,4,19,169,0.22849999999152715
N3C2W1_A.txt,3,2,1,0,121,0.21050000003697278
N3C2W1_B.txt,3,2,1,1,113,0.34360000000788204
N3C2W1_C.txt,3,2,1,2,116,0.20989999995890685
N3C2W1_D.txt,3,2,1,3,116,0.21499999996876795
N3C2W1_E.txt,3,2,1,4,117,0.24559999997109117
N3C2W1_F.txt,3,2,1,5,120,0.2465999999685664
N3C2W1_G.txt,3,2,1,6,121,0.20950000003949754
N3C2W1_H.txt,3,2,1,7,116,0.215500000024349
N3C2W1_I.txt,3,2,1,8,117,0.2134999999725551
N3C2W1_J.txt,3,2,1,9,119,0.20979999999326537
N3C2W1_K.txt,3,2,1,10,104,0.2064999999902284
N3C2W1_L.txt,3,2,1,11,123,0.2159999999662432
N3C2W1_M.txt,3,2,1,12,119,0.21330000004127214
N3C2W1_N.txt,3,2,1,13,122,0.21099999997886698
N3C2W1_O.txt,3,2,1,14,116,0.21620000001121298
N3C2W1_P.txt,3,2,1,15,121,0.26440000004868125
N3C2W1_Q.txt,3,2,1,16,111,0.2133999999500702
N3C2W1_R.txt,3,2,1,17,115,0.21180000004505928
N3C2W1_S.txt,3,2,1,18,118,0.2168000000324355
N3C2W1_T.txt,3,2,1,19,112,0.21050000003697278
N3C2W2_A.txt,3,2,2,0,143,0.22549999999910142
N3C2W2_B.txt,3,2,2,1,140,0.21759999998494095
N3C2W2_C.txt,3,2,2,2,140,0.218100000040522
N3C2W2_D.txt,3,2,2,3,142,0.3009999999790125
N3C2W2_E.txt,3,2,2,4,146,0.2199000000473461
N3C2W2_F.txt,3,2,2,5,139,0.2205000000117252
N3C2W2_G.txt,3,2,2,6,137,0.2384000000006381
N3C2W2_H.txt,3,2,2,7,149,0.20480000000588916
N3C2W2_I.txt,3,2,2,8,135,0.20469999998340427
N3C2W2_J.txt,3,2,2,9,143,0.2033000000096763
N3C2W2_K.txt,3,2,2,10,145,0.2033000000096763
N3C2W2_L.txt,3,2,2,11,142,0.3578000000175052
N3C2W2_M.txt,3,2,2,12,143,0.204399999972793
N3C2W2_N.txt,3,2,2,13,141,0.20250000000032742
N3C2W2_O.txt,3,2,2,14,143,0.2046000000177628
N3C2W2_P.txt,3,2,2,15,140,0.3030999999964479
N3C2W2_Q.txt,3,2,2,16,141,0.20419999998466665
N3C2W2_R.txt,3,2,2,17,142,0.20360000002028755
N3C2W2_S.txt,3,2,2,18,142,0.2044999999952779
N3C2W2_T.txt,3,2,2,19,143,0.21060000000261425
N3C2W4_A.txt,3,2,4,0,149,0.20669999997835475
N3C2W4_B.txt,3,2,4,1,145,0.23719999995819308
N3C2W4_C.txt,3,2,4,2,161,0.2710999999635533
N3C2W4_D.txt,3,2,4,3,150,0.22969999997712875
N3C2W4_E.txt,3,2,4,4,147,0.2357999999844651
N3C2W4_F.txt,3,2,4,5,153,0.2544999999827269
N3C2W4_G.txt,3,2,4,6,157,0.20549999999275315
N3C2W4_H.txt,3,2,4,7,149,0.23740000000316286
N3C2W4_I.txt,3,2,4,8,154,0.23879999997689083
N3C2W4_J.txt,3,2,4,9,156,0.264800000024934
N3C2W4_K.txt,3,2,4,10,154,0.2314000000183114
N3C2W4_L.txt,3,2,4,11,151,0.20610000001397566
N3C2W4_M.txt,3,2,4,12,154,0.24469999999610081
N3C2W4_N.txt,3,2,4,13,149,0.23050000004332105
N3C2W4_O.txt,3,2,4,14,146,0.20849999998517887
N3C2W4_P.txt,3,2,4,15,154,0.21509999999125284
N3C2W4_Q.txt,3,2,4,16,154,0.20999999998139174
N3C2W4_R.txt,3,2,4,17,157,0.2013000000147258
N3C2W4_S.txt,3,2,4,18,152,0.20399999999654028
N3C2W4_T.txt,3,2,4,19,154,0.20100000000411455
N3C3W1_A.txt,3,3,1,0,91,0.24540000003980822
N3C3W1_B.txt,3,3,1,1,99,0.20879999999579013
N3C3W1_C.txt,3,3,1,2,98,0.28220000001510925
N3C3W1_D.txt,3,3,1,3,88,0.19020000002001325
N3C3W1_E.txt,3,3,1,4,96,0.1896999999644322
N3C3W1_F.txt,3,3,1,5,95,0.1960999999823798
N3C3W1_G.txt,3,3,1,6,89,0.18959999999879074
N3C3W1_H.txt,3,3,1,7,97,0.19499999996241968
N3C3W1_I.txt,3,3,1,8,98,0.19269999995685794
N3C3W1_J.txt,3,3,1,9,91,0.1935999999886917
N3C3W1_K.txt,3,3,1,10,87,0.19470000000865184
N3C3W1_L.txt,3,3,1,11,97,0.26029999997945197
N3C3W1_M.txt,3,3,1,12,102,0.19259999999121646
N3C3W1_N.txt,3,3,1,13,98,0.19249999996873157
N3C3W1_O.txt,3,3,1,14,92,0.1891999999656946
N3C3W1_P.txt,3,3,1,15,103,0.20869999997330524
N3C3W1_Q.txt,3,3,1,16,104,0.21980000002486122
N3C3W1_R.txt,3,3,1,17,92,0.1962000000048647
N3C3W1_S.txt,3,3,1,18,93,0.2384000000006381
N3C3W1_T.txt,3,3,1,19,98,0.18840000001318913
N3C3W2_A.txt,3,3,2,0,119,0.2211999999985892
N3C3W2_B.txt,3,3,2,1,114,0.2882999999656022
N3C3W2_C.txt,3,3,2,2,117,0.19409999998742933
N3C3W2_D.txt,3,3,2,3,110,0.20399999999654028
N3C3W2_E.txt,3,3,2,4,110,0.22059999997736668
N3C3W2_F.txt,3,3,2,5,116,0.19900000000916407
N3C3W2_G.txt,3,3,2,6,114,0.22719999998344065
N3C3W2_H.txt,3,3,2,7,117,0.4891000000384338
N3C3W2_I.txt,3,3,2,8,111,0.21240000000943837
N3C3W2_J.txt,3,3,2,9,117,0.23939999999811334
N3C3W2_K.txt,3,3,2,10,121,0.2116000000000895
N3C3W2_L.txt,3,3,2,11,114,0.20929999999452775
N3C3W2_M.txt,3,3,2,12,118,0.21560000004683388
N3C3W2_N.txt,3,3,2,13,106,0.20920000002888628
N3C3W2_O.txt,3,3,2,14,119,0.21510000004809626
N3C3W2_P.txt,3,3,2,15,112,0.21240000000943837
N3C3W2_Q.txt,3,3,2,16,106,0.2110000000357104
N3C3W2_R.txt,3,3,2,17,111,0.2071000000114509
N3C3W2_S.txt,3,3,2,18,114,0.2542999999946005
N3C3W2_T.txt,3,3,2,19,112,0.19789999998920393
N3C3W4_A.txt,3,3,4,0,128,0.20419999998466665
N3C3W4_B.txt,3,3,4,1,125,0.25850000002947127
N3C3W4_C.txt,3,3,4,2,124,0.21329999998442872
N3C3W4_D.txt,3,3,4,3,126,0.253699999973378
N3C3W4_E.txt,3,3,4,4,121,0.21460000004935864
N3C3W4_F.txt,3,3,4,5,119,0.21490000000312648
N3C3W4_G.txt,3,3,4,6,137,0.22209999997357954
N3C3W4_H.txt,3,3,4,7,120,0.22069999999985157
N3C3W4_I.txt,3,3,4,8,132,0.21720000000868822
N3C3W4_J.txt,3,3,4,9,127,0.2742000000353073
N3C3W4_K.txt,3,3,4,10,125,0.21459999999251522
N3C3W4_L.txt,3,3,4,11,129,0.26050000002442175
N3C3W4_M.txt,3,3,4,12,128,0.21490000000312648
N3C3W4_N.txt,3,3,4,13,124,0.2154000000018641
N3C3W4_O.txt,3,3,4,14,126,0.21629999997685445
N3C3W4_P.txt,3,3,4,15,120,0.21650000002182423
N3C3W4_Q.txt,3,3,4,16,125,0.21410000005062102
N3C3W4_R.txt,3,3,4,17,126,0.22000000001298758
N3C3W4_S.txt,3,3,4,18,117,0.23320000002513552
N3C3W4_T.txt,3,3,4,19,120,0.22339999998166604
N4C1W1_A.txt,4,1,1,0,311,0.5270999999993364
N4C1W1_B.txt,4,1,1,1,332,0.6218999999987318
N4C1W1_C.txt,4,1,1,2,312,0.6168000000457141
N4C1W1_D.txt,4,1,1,3,314,0.5291999999599284
N4C1W1_E.txt,4,1,1,4,338,0.565199999982724
N4C1W1_F.txt,4,1,1,5,336,0.5389000000377564
N4C1W1_G.txt,4,1,1,6,327,0.5284999999730644
N4C1W1_H.txt,4,1,1,7,325,0.5255000000374821
N4C1W1_I.txt,4,1,1,8,333,0.5284000000074229
N4C1W1_J.txt,4,1,1,9,349,0.531599999987975
N4C1W1_K.txt,4,1,1,10,325,0.5234999999856882
N4C1W1_L.txt,4,1,1,11,331,0.5347999999685271
N4C1W1_M.txt,4,1,1,12,312,0.5209999999920001
N4C1W1_N.txt,4,1,1,13,327,0.5269999999768515
N4C1W1_O.txt,4,1,1,14,325,0.5297999999811509
N4C1W1_P.txt,4,1,1,15,334,0.627400000041689
N4C1W1_Q.txt,4,1,1,16,342,0.5310999999892374
N4C1W1_R.txt,4,1,1,17,327,0.5269000000112101
N4C1W1_S.txt,4,1,1,18,328,0.5219999999894753
N4C1W1_T.txt,4,1,1,19,328,0.5676000000107706
N4C1W2_A.txt,4,1,2,0,386,0.5837999999585008
N4C1W2_B.txt,4,1,2,1,401,0.7383999999888147
N4C1W2_C.txt,4,1,2,2,393,0.5536999999549153
N4C1W2_D.txt,4,1,2,3,395,0.6441000000450003
N4C1W2_E.txt,4,1,2,4,385,0.536800000020321
N4C1W2_F.txt,4,1,2,5,396,0.5413000000089596
N4C1W2_G.txt,4,1,2,6,382,0.5416000000195709
N4C1W2_H.txt,4,1,2,7,389,0.5389000000377564
N4C1W2_I.txt,4,1,2,8,378,0.5406999999877371
N4C1W2_J.txt,4,1,2,9,385,0.5304000000023734
N4C1W2_K.txt,4,1,2,10,386,0.5423000000064349
N4C1W2_L.txt,4,1,2,11,392,0.5633000000102584
N4C1W2_M.txt,4,1,2,12,396,0.5291000000511303
N4C1W2_N.txt,4,1,2,13,387,0.5433999999695516
N4C1W2_O.txt,4,1,2,14,392,0.5525000000261571
N4C1W2_P.txt,4,1,2,15,393,0.8385000000430409
N4C1W2_Q.txt,4,1,2,16,395,0.5044000000111737
N4C1W2_R.txt,4,1,2,17,390,0.5346000000372442
N4C1W2_S.txt,4,1,2,18,388,0.5731999999625259
N4C1W2_T.txt,4,1,2,19,395,0.5161999999927502
N4C1W4_A.txt,4,1,4,0,430,0.6452000000081171
N4C1W4_B.txt,4,1,4,1,422,0.5351000000359818
N4C1W4_C.txt,4,1,4,2,428,0.553399999944304
N4C1W4_D.txt,4,1,4,3,428,0.7243999999673179
N4C1W4_E.txt,4,1,4,4,430,0.6403000000432257
N4C1W4_F.txt,4,1,4,5,433,0.6023999999911211
N4C1W4_G.txt,4,1,4,6,425,0.5376999999953114
N4C1W4_H.txt,4,1,4,7,421,0.5375999999728265
N4C1W4_I.txt,4,1,4,8,424,0.5123999999909756
N4C1W4_J.txt,4,1,4,9,432,0.6303000000116299
N4C1W4_K.txt,4,1,4,10,433,0.651800000014191
N4C1W4_L.txt,4,1,4,11,418,0.5507999999849744
N4C1W4_M.txt,4,1,4,12,427,0.5150000000071486
N4C1W4_N.txt,4,1,4,13,429,0.603899999987334
N4C1W4_O.txt,4,1,4,14,422,0.5141999999977998
N4C1W4_P.txt,4,1,4,15,429,0.6554999999934807
N4C1W4_Q.txt,4,1,4,16,426,0.5191000000195345
N4C1W4_R.txt,4,1,4,17,432,0.6871999999589207
N4C1W4_S.txt,4,1,4,18,423,0.5206000000157474
N4C1W4_T.txt,4,1,4,19,416,0.5899999999883221
N4C2W1_A.txt,4,2,1,0,286,0.5350999999791384
N4C2W1_B.txt,4,2,1,1,294,0.5059000000073866
N4C2W1_C.txt,4,2,1,2,293,0.5042999999886888
N4C2W1_D.txt,4,2,1,3,273,0.49260000002959714
N4C2W1_E.txt,4,2,1,4,295,0.5014999999843894
N4C2W1_F.txt,4,2,1,5,281,0.5183999999758271
N4C2W1_G.txt,4,2,1,6,284,0.507200000015473
N4C2W1_H.txt,4,2,1,7,298,0.5107000000066364
N4C2W1_I.txt,4,2,1,8,289,0.5042000000230473
N4C2W1_J.txt,4,2,1,9,277,0.4966999999851396
N4C2W1_K.txt,4,2,1,10,289,0.48290000000861255
N4C2W1_L.txt,4,2,1,11,288,0.6065999999691485
N4C2W1_M.txt,4,2,1,12,301,0.4839000000060878
N4C2W1_N.txt,4,2,1,13,292,0.5175000000008367
N4C2W1_O.txt,4,2,1,14,293,0.5082000000129483
N4C2W1_P.txt,4,2,1,15,294,0.4781999999750042
N4C2W1_Q.txt,4,2,1,16,289,0.507200000015473
N4C2W1_R.txt,4,2,1,17,292,0.513299999965966
N4C2W1_S.txt,4,2,1,18,294,0.5491000000006352
N4C2W1_T.txt,4,2,1,19,290,0.5547000000092339
N4C2W2_A.txt,4,2,2,0,347,0.538199999994049
N4C2W2_B.txt,4,2,2,1,346,0.6337000000371518
N4C2W2_C.txt,4,2,2,2,345,0.5247000000281332
N4C2W2_D.txt,4,2,2,3,350,0.5538000000342436
N4C2W2_E.txt,4,2,2,4,353,0.6507000000510743
N4C2W2_F.txt,4,2,2,5,357,0.5042999999886888
N4C2W2_G.txt,4,2,2,6,346,0.500700000031884
N4C2W2_H.txt,4,2,2,7,344,0.531599999987975
N4C2W2_I.txt,4,2,2,8,353,0.5438000000026477
N4C2W2_J.txt,4,2,2,9,350,0.5426000000170461
N4C2W2_K.txt,4,2,2,10,353,0.5304000000023734
N4C2W2_L.txt,4,2,2,11,353,0.5203000000051361
N4C2W2_M.txt,4,2,2,12,351,0.49970000003440873
N4C2W2_N.txt,4,2,2,13,355,0.5064000000061242
N4C2W2_O.txt,4,2,2,14,347,0.5130000000121981
N4C2W2_P.txt,4,2,2,15,355,0.5103000000303837
N4C2W2_Q.txt,4,2,2,16,348,0.5219000000238339
N4C2W2_R.txt,4,2,2,17,350,0.49760000001697335
N4C2W2_S.txt,4,2,2,18,361,1.310399999965739
N4C2W2_T.txt,4,2,2,19,345,0.5790000000160944
N4C2W4_A.txt,4,2,4,0,381,0.53870000004963
N4C2W4_B.txt,4,2,4,1,373,0.6006000000411404
N4C2W4_C.txt,4,2,4,2,384,0.5370999999740889
N4C2W4_D.txt,4,2,4,3,388,0.5420999999614651
N4C2W4_E.txt,4,2,4,4,377,0.5148000000190223
N4C2W4_F.txt,4,2,4,5,391,0.5418000000076972
N4C2W4_G.txt,4,2,4,6,381,0.6386000000020431
N4C2W4_H.txt,4,2,4,7,388,0.5893999999670996
N4C2W4_I.txt,4,2,4,8,381,0.5590000000097461
N4C2W4_J.txt,4,2,4,9,392,0.5479999999806751
N4C2W4_K.txt,4,2,4,10,377,0.5944000000113192
N4C2W4_L.txt,4,2,4,11,384,0.538899999980913
N4C2W4_M.txt,4,2,4,12,377,0.5029000000149608
N4C2W4_N.txt,4,2,4,13,392,0.5111000000397325
N4C2W4_O.txt,4,2,4,14,377,0.56449999999586
N4C2W4_P.txt,4,2,4,15,388,0.6174999999757347
N4C2W4_Q.txt,4,2,4,16,385,0.5305999999904998
N4C2W4_R.txt,4,2,4,17,389,0.5054999999742904
N4C2W4_S.txt,4,2,4,18,386,0.5621999999902982
N4C2W4_T.txt,4,2,4,19,380,0.634199999979046
N4C3W1_A.txt,4,3,1,0,227,0.5257000000256085
N4C3W1_B.txt,4,3,1,1,230,0.5186000000207969
N4C3W1_C.txt,4,3,1,2,230,0.5511999999612271
N4C3W1_D.txt,4,3,1,3,215,0.5071999999586296
N4C3W1_E.txt,4,3,1,4,234,0.6127000000333283
N4C3W1_F.txt,4,3,1,5,230,0.5170000000020991
N4C3W1_G.txt,4,3,1,6,240,0.49970000003440873
N4C3W1_H.txt,4,3,1,7,242,0.5036000000018248
N4C3W1_I.txt,4,3,1,8,234,0.5022000000280968
N4C3W1_J.txt,4,3,1,9,240,0.49450000000206273
N4C3W1_K.txt,4,3,1,10,229,0.5242999999950371
N4C3W1_L.txt,4,3,1,11,224,0.553200000013021
N4C3W1_M.txt,4,3,1,12,231,0.47000000000707587
N4C3W1_N.txt,4,3,1,13,251,0.4774999999881402
N4C3W1_O.txt,4,3,1,14,238,0.4961000000207605
N4C3W1_P.txt,4,3,1,15,231,0.5175000000008367
N4C3W1_Q.txt,4,3,1,16,248,0.47649999999066495
N4C3W1_R.txt,4,3,1,17,235,0.4729000000338601
N4C3W1_S.txt,4,3,1,18,236,0.5739000000062333
N4C3W1_T.txt,4,3,1,19,242,0.4926999999952386
N4C3W2_A.txt,4,3,2,0,289,0.5523000000380307
N4C3W2_B.txt,4,3,2,1,290,0.48750000001973604
N4C3W2_C.txt,4,3,2,2,286,0.5062000000179978
N4C3W2_D.txt,4,3,2,3,287,0.4832999999848653
N4C3W2_E.txt,4,3,2,4,282,0.5100999999854139
N4C3W2_F.txt,4,3,2,5,300,0.5545000000211076
N4C3W2_G.txt,4,3,2,6,285,0.5155000000058862
N4C3W2_H.txt,4,3,2,7,284,0.48739999999725114
N4C3W2_I.txt,4,3,2,8,279,0.486299999977291
N4C3W2_J.txt,4,3,2,9,291,0.4946000000245476
N4C3W2_K.txt,4,3,2,10,292,0.5396999999902619
N4C3W2_L.txt,4,3,2,11,287,0.5422999999495914
N4C3W2_M.txt,4,3,2,12,283,0.5411999999864747
N4C3W2_N.txt,4,3,2,13,282,0.48090000001366207
N4C3W2_O.txt,4,3,2,14,297,0.485599999990427
N4C3W2_P.txt,4,3,2,15,285,0.5285999999955493
N4C3W2_Q.txt,4,3,2,16,283,0.5638999999746375
N4C3W2_R.txt,4,3,2,17,274,0.48160000000052605
N4C3W2_S.txt,4,3,2,18,279,0.48470000001543667
N4C3W2_T.txt,4,3,2,19,277,0.48810000004095855
N4C3W4_A.txt,4,3,4,0,312,0.49189999998588974
N4C3W4_B.txt,4,3,4,1,305,0.49880000000257496
N4C3W4_C.txt,4,3,4,2,313,0.5293000000392567
N4C3W4_D.txt,4,3,4,3,310,0.4940000000033251
N4C3W4_E.txt,4,3,4,4,314,0.5007999999975254
N4C3W4_F.txt,4,3,4,5,320,0.5297999999811509
N4C3W4_G.txt,4,3,4,6,318,0.5054999999742904
N4C3W4_H.txt,4,3,4,7,317,0.530900000001111
N4C3W4_I.txt,4,3,4,8,322,0.5564999999592146
N4C3W4_J.txt,4,3,4,9,301,0.5255000000374821
N4C3W4_K.txt,4,3,4,10,304,0.5385999999703017
N4C3W4_L.txt,4,3,4,11,312,0.535599999977876
N4C3W4_M.txt,4,3,4,12,309,0.49510000002328525
N4C3W4_N.txt,4,3,4,13,326,0.49999999998817657
N4C3W4_O.txt,4,3,4,14,329,0.6001000000424028
N4C3W4_P.txt,4,3,4,15,314,0.5208999999695152
N4C3W4_Q.txt,4,3,4,16,320,0.5269999999768515
N4C3W4_R.txt,4,3,4,17,308,0.5848000000128195
N4C3W4_S.txt,4,3,4,18,309,0.5544999999642641
N4C3W4_T.txt,4,3,4,19,306,0.5527999999799249
